rmse,mae,r2,n
16.498501787996616,13.84668949537921,0.49737371148089904,218
