rmse,mae,r2,n
19.263391230507466,15.1594097169639,0.31000236716409557,277
