rmse,mae,r2,n
23.60397222665238,19.04037594804717,0.21397698868633397,424
