rmse,mae,r2,n
15.783380226727608,13.039061145185185,0.5400017060183955,218
