rmse,mae,r2,n
20.17797912775565,15.943203354470254,0.4761841677408374,287
