rmse,mae,r2,n
16.192720467729657,13.084942222710126,0.6075599255914069,306
