type,n,mse,rmse,mae,r2
uncalibrated,20,45.106683146561615,6.716150917494455,6.084548944234848,0.0
