rmse,mae,r2,n
23.63511294773129,19.089175540002046,0.21190162021967507,424
