{"rmse":25.2214375167,"mae":20.4549239438,"r2":0.1025614058}