rmse,mae,r2,n
19.612203005781947,15.470850110588803,0.5051471864935546,287
