rmse,mae,r2,n
22.18540611165877,17.42656014033224,0.27080293068500305,376
