rmse,mae,r2,n
19.178472365682566,15.108073960626186,0.3160723955787924,277
