rmse,mae,r2,n
15.94527024643434,13.038207442441697,0.5305169129654552,218
