rmse,mae,r2,n
19.202368515329248,15.137726826860005,0.3143670023847457,277
