{"rmse":23.8288544343,"mae":18.7616901806,"r2":-0.0558164866}