index,prediction
0,3.962191
1,11.019173
2,20.644352
3,12.430923
4,25.03104
