index,prediction
0,-10.11274
1,-10.0261135
2,-6.7869864
3,-3.1059136
4,-1.7184322
5,-1.4125515
6,4.1282735
7,4.286967
8,3.834114
9,4.097454
10,4.3189993
11,4.614684
12,5.3707247
13,5.727913
14,6.6484404
15,7.3359375
16,7.4163027
17,9.355609
18,10.064411
19,11.328412
