index,prediction
0,-12.245193
1,-11.339716
